{"cameraMode":{"drawMode":0,"name":"Shaded","section":"Shading Mode"},"sceneLighting":true,"audioPlay":false,"sceneViewState":{"showFog":true,"showMaterialUpdate":false,"showSkybox":true,"showFlares":true,"showImageEffects":true,"showParticleSystems":true},"in2DMode":false,"pivot":{"x":0.05000007152557373,"y":4.0,"z":2.174999952316284},"rotation":{"x":-0.1892244815826416,"y":0.32415735721588137,"z":-0.06638351827859879,"w":-0.9245220422744751},"size":17.243793487548829,"orthographic":true}